runId,questionId,mode,repetition,status,pass,ignoredAfterFinishEvents,toolCalls,toolErrors,catalogPaged,catalogueComplete,cataloguePageCount,catalogueDeliveryGroups,initialToolListBytes,initialToolListTokens,toolResponseTokens,requestArgumentTokens,finalAnswerTokens,finalPayloadTokenProxy,cumulativeInputTokenProxy,outputTokenProxy,inputProxyCostAt1USDPerMTokens,outputProxyCostAt1USDPerMTokens,firstListColdSetupMs,listRpcMs,catalogueDeliveryRpcMs,catalogueDeliveryElapsedMs,postCatalogueTaskMs,callRpcTotalMs,callRpcMedianMs,rpcTotalMs,agentElapsedMs,error
q1-direct-r1,small-direct-lookup,direct,1,complete,true,0,9,2,false,true,,,105992,22447,835,319,9,24068,234456,328,0.234456,0.000328,1122,1122,,,,37,4,1185,27894,
q1-direct-r2,small-direct-lookup,direct,2,missing,,0,0,0,false,true,,,0,0,0,0,0,458,0,0,0,0,,0,,,,0,,0,,
q1-gateway-r1,small-direct-lookup,gateway,1,complete,true,0,1,0,false,true,,,7390,1647,89,34,9,2240,4802,43,0.004802,0.000043,1259,1259,,,,9,9,3319,5856,
q1-gateway-r2,small-direct-lookup,gateway,2,missing,,0,0,0,false,true,,,0,0,0,0,0,461,0,0,0,0,,0,,,,0,,0,,
q2-direct-r1,unfamiliar-file-search,direct,1,complete,false,0,10,3,false,true,,,105992,22447,900,391,7,24212,259423,398,0.259423,0.000398,1022,1022,,,,36,4,1077,28460,Direct tool name must use a configured server alias and tool name
q2-direct-r2,unfamiliar-file-search,direct,2,missing,,0,0,0,false,true,,,0,0,0,0,0,467,0,0,0,0,,0,,,,0,,0,,
q2-gateway-r1,unfamiliar-file-search,gateway,1,complete,true,0,4,0,false,true,,,7390,1647,237,141,10,2505,11824,151,0.011824,0.000151,1275,1275,,,,23,4.5,3328,11697,
q2-gateway-r2,unfamiliar-file-search,gateway,2,missing,,0,0,0,false,true,,,0,0,0,0,0,470,0,0,0,0,,0,,,,0,,0,,
q3-direct-r1,large-filter-aggregation,direct,1,missing,,0,0,0,false,true,,,0,0,0,0,0,498,0,0,0,0,,0,,,,0,,0,,
q3-direct-r2,large-filter-aggregation,direct,2,missing,,0,0,0,false,true,,,0,0,0,0,0,498,0,0,0,0,,0,,,,0,,0,,
q3-gateway-r1,large-filter-aggregation,gateway,1,missing,,0,0,0,false,true,,,0,0,0,0,0,501,0,0,0,0,,0,,,,0,,0,,
q3-gateway-r2,large-filter-aggregation,gateway,2,missing,,0,0,0,false,true,,,0,0,0,0,0,501,0,0,0,0,,0,,,,0,,0,,
q4-direct-r1,filesystem-memory-join,direct,1,missing,,0,0,0,false,true,,,0,0,0,0,0,486,0,0,0,0,,0,,,,0,,0,,
q4-direct-r2,filesystem-memory-join,direct,2,missing,,0,0,0,false,true,,,0,0,0,0,0,486,0,0,0,0,,0,,,,0,,0,,
q4-gateway-r1,filesystem-memory-join,gateway,1,missing,,0,0,0,false,true,,,0,0,0,0,0,489,0,0,0,0,,0,,,,0,,0,,
q4-gateway-r2,filesystem-memory-join,gateway,2,missing,,0,0,0,false,true,,,0,0,0,0,0,489,0,0,0,0,,0,,,,0,,0,,
q5-direct-r1,parallel-small-reads,direct,1,missing,,0,0,0,false,true,,,0,0,0,0,0,493,0,0,0,0,,0,,,,0,,0,,
q5-direct-r2,parallel-small-reads,direct,2,missing,,0,0,0,false,true,,,0,0,0,0,0,493,0,0,0,0,,0,,,,0,,0,,
q5-gateway-r1,parallel-small-reads,gateway,1,missing,,0,0,0,false,true,,,0,0,0,0,0,496,0,0,0,0,,0,,,,0,,0,,
q5-gateway-r2,parallel-small-reads,gateway,2,missing,,0,0,0,false,true,,,0,0,0,0,0,496,0,0,0,0,,0,,,,0,,0,,
q6-direct-r1,multi-hop-dependency-runbook,direct,1,missing,,0,0,0,false,true,,,0,0,0,0,0,490,0,0,0,0,,0,,,,0,,0,,
q6-direct-r2,multi-hop-dependency-runbook,direct,2,missing,,0,0,0,false,true,,,0,0,0,0,0,490,0,0,0,0,,0,,,,0,,0,,
q6-gateway-r1,multi-hop-dependency-runbook,gateway,1,missing,,0,0,0,false,true,,,0,0,0,0,0,493,0,0,0,0,,0,,,,0,,0,,
q6-gateway-r2,multi-hop-dependency-runbook,gateway,2,missing,,0,0,0,false,true,,,0,0,0,0,0,493,0,0,0,0,,0,,,,0,,0,,
