runId,questionId,mode,repetition,status,pass,toolCalls,toolErrors,initialToolListBytes,initialToolListTokens,toolResponseTokens,requestArgumentTokens,finalAnswerTokens,finalPayloadTokenProxy,cumulativeInputTokenProxy,outputTokenProxy,inputProxyCostAt1USDPerMTokens,outputProxyCostAt1USDPerMTokens,firstListColdSetupMs,listRpcMs,callRpcTotalMs,callRpcMedianMs,rpcTotalMs,agentElapsedMs,error
q1-direct-r1,small-direct-lookup,direct,1,complete,true,1,0,13179,2749,238,33,9,3451,7037,42,0.007037,0.000042,341,341,5,5,354,5758,
q1-direct-r2,small-direct-lookup,direct,2,complete,true,1,0,13179,2749,238,33,9,3451,7037,42,0.007037,0.000042,352,352,6,6,365,4840,
q1-gateway-r1,small-direct-lookup,gateway,1,complete,true,2,0,1528,358,2319,69,9,3180,7192,78,0.007192,0.000078,240,240,287,143.5,2548,9077,
q1-gateway-r2,small-direct-lookup,gateway,2,complete,true,2,0,1528,358,1515,65,9,2372,5576,74,0.005576,0.000074,210,210,261,130.5,2491,8442,
q2-direct-r1,unfamiliar-file-search,direct,1,complete,true,3,0,13179,2749,596,112,10,3898,14344,122,0.014344,0.000122,352,352,14,4,373,8647,
q2-direct-r2,unfamiliar-file-search,direct,2,complete,true,2,0,13179,2749,642,68,10,3900,11104,78,0.011104,0.000078,452,452,10,5,469,7412,
q2-gateway-r1,unfamiliar-file-search,gateway,1,complete,true,6,1,1528,358,2092,233,10,3127,15856,243,0.015856,0.000243,218,218,317,15,2552,17583,
q2-gateway-r2,unfamiliar-file-search,gateway,2,complete,true,7,0,1528,358,2548,244,10,3594,20578,254,0.020578,0.000254,206,206,309,10,2533,18247,
q3-direct-r1,large-filter-aggregation,direct,1,complete,false,1,0,13179,2749,123968,34,5,127218,130888,39,0.130888,0.000039,335,335,10,10,352,16085,
q3-direct-r2,large-filter-aggregation,direct,2,complete,false,1,0,13179,2749,123968,34,5,127218,130888,39,0.130888,0.000039,347,347,12,12,371,13460,
q3-gateway-r1,large-filter-aggregation,gateway,1,complete,true,9,3,1528,358,2220,538,5,3586,25340,543,0.02534,0.000543,247,247,486,27,2748,33697,
q3-gateway-r2,large-filter-aggregation,gateway,2,complete,true,6,3,1528,358,1388,500,5,2716,15460,505,0.01546,0.000505,221,221,442,36.5,2679,21728,
q4-direct-r1,filesystem-memory-join,direct,1,complete,true,2,0,13179,2749,124213,50,15,127477,258315,65,0.258315,0.000065,373,373,16,8,397,7239,
q4-direct-r2,filesystem-memory-join,direct,2,complete,true,2,0,13179,2749,124213,50,15,127477,258315,65,0.258315,0.000065,438,438,15,7.5,462,8286,
q4-gateway-r1,filesystem-memory-join,gateway,1,complete,true,8,2,1528,358,7410,280,15,8516,45157,295,0.045157,0.000295,218,218,371,14,2603,24456,
q4-gateway-r2,filesystem-memory-join,gateway,2,complete,true,9,2,1528,358,4700,331,15,5857,28858,346,0.028858,0.000346,226,226,394,19,2638,29609,
q5-direct-r1,parallel-small-reads,direct,1,complete,true,1,0,13179,2749,1276,54,15,4550,8198,69,0.008198,0.000069,353,353,5,5,364,5356,
q5-direct-r2,parallel-small-reads,direct,2,complete,true,1,0,13179,2749,1276,54,15,4550,8198,69,0.008198,0.000069,397,397,5,5,409,4932,
q5-gateway-r1,parallel-small-reads,gateway,1,complete,true,2,0,1528,358,2985,86,15,3903,7202,101,0.007202,0.000101,216,216,327,163.5,2565,7880,
q5-gateway-r2,parallel-small-reads,gateway,2,complete,true,2,0,1528,358,3108,116,15,4056,7558,131,0.007558,0.000131,235,235,305,152.5,2561,7510,
q6-direct-r1,multi-hop-dependency-runbook,direct,1,complete,true,4,0,13179,2749,709,99,11,4022,18825,110,0.018825,0.00011,371,371,19,3,399,11895,
q6-direct-r2,multi-hop-dependency-runbook,direct,2,complete,true,4,0,13179,2749,709,100,11,4023,18828,111,0.018828,0.000111,366,366,22,4.5,396,15535,
q6-gateway-r1,multi-hop-dependency-runbook,gateway,1,complete,true,8,0,1528,358,2625,209,11,3660,22202,220,0.022202,0.00022,221,221,347,7,2587,22830,
q6-gateway-r2,multi-hop-dependency-runbook,gateway,2,complete,true,7,0,1528,358,2520,202,11,3548,19401,213,0.019401,0.000213,209,209,301,9,2532,21408,
