serverCount,distinctServerImplementations,mode,upstreamToolCount,advertisedTools,definitionBytes,definitionTokenProxy,listSetupMs,definitionSha256
2,2,direct,23,23,13179,2749,220,6744affca8c1a4bd7825385b84785f69fdd5c41dea54d786b81a09393ee2630a
2,2,gateway-default,23,2,5752,1408,393,9785fb86e245837196d51704338d0b7fdc1168f2cdbfeb388231e4e2ef1d5fb2
2,2,gateway-native,23,7,7390,1647,494,24cfdbb794bb9dae464ded54ed43e92d2b6bc321a2477338b39c63b1c94725d2
8,2,direct,92,92,52956,11191,518,f28219220fa34bacd50ef70d1a56741fb1af6e4722211113e688777ed9b0f77e
8,2,gateway-default,92,2,3140,754,684,0aad32bcbbed9c6597e8bca65727247de527d4b58e7074794cf6044774af6230
8,2,gateway-native,92,7,7390,1647,783,24cfdbb794bb9dae464ded54ed43e92d2b6bc321a2477338b39c63b1c94725d2
16,2,direct,184,184,105992,22447,1009,3d5d69de915280cf9b2cc3840b582aeace805a6e496e1569194e941ac41988dc
16,2,gateway-default,184,2,3140,754,1187,0aad32bcbbed9c6597e8bca65727247de527d4b58e7074794cf6044774af6230
16,2,gateway-native,184,7,7390,1647,1248,24cfdbb794bb9dae464ded54ed43e92d2b6bc321a2477338b39c63b1c94725d2
32,2,direct,368,368,212064,44959,1942,a3b1c95f361a78802cbfca88a8eda5b857373dcf4a74021dc23f6bfe22f0d726
32,2,gateway-default,368,2,3140,754,2041,0aad32bcbbed9c6597e8bca65727247de527d4b58e7074794cf6044774af6230
32,2,gateway-native,368,7,7390,1647,2151,24cfdbb794bb9dae464ded54ed43e92d2b6bc321a2477338b39c63b1c94725d2
