runId,taskId,mode,repetition,status,wholeAnswerExact,fullResponseExact,fieldPresent,fieldTyped,fieldAccuracy,fieldCount,fieldResults,evidencePrecision,evidenceRecall,evidenceExact,unexpectedFields,initialToolListBytes,initialToolListTokenProxy,callResponseTokenProxy,requestTokenProxy,finalPayloadTokenProxy,toolCount,toolCalls,toolErrors,observedReadError,fallbackCall,fallbackSequenceValid,usedNonNativeTool,elapsedMs,answerBytes,clippedLayoutMarkersObserved,serializedCataloguePresent,firstFinishPreserved
q1-direct-r1,q1,direct,1,complete,true,true,2,2,2,2,"{""byteSize"":{""present"":true,""typed"":true,""correct"":true,""expectedType"":""number""},""isFile"":{""present"":true,""typed"":true,""correct"":true,""expectedType"":""boolean""}}",1,1,true,[],13179,2749,212,38,3499,23,1,0,false,false,false,true,4238,65,not assessed by answer parser,true,true
q1-direct-r2,q1,direct,2,complete,true,true,2,2,2,2,"{""byteSize"":{""present"":true,""typed"":true,""correct"":true,""expectedType"":""number""},""isFile"":{""present"":true,""typed"":true,""correct"":true,""expectedType"":""boolean""}}",1,1,true,[],13179,2749,212,38,3499,23,1,0,false,false,false,true,8091,65,not assessed by answer parser,true,true
q1-gateway-r1,q1,gateway,1,complete,true,true,2,2,2,2,"{""byteSize"":{""present"":true,""typed"":true,""correct"":true,""expectedType"":""number""},""isFile"":{""present"":true,""typed"":true,""correct"":true,""expectedType"":""boolean""}}",1,1,true,[],7390,1647,553,67,2770,7,2,0,false,false,false,true,6861,65,not assessed by answer parser,true,true
q1-gateway-r2,q1,gateway,2,complete,true,true,2,2,2,2,"{""byteSize"":{""present"":true,""typed"":true,""correct"":true,""expectedType"":""number""},""isFile"":{""present"":true,""typed"":true,""correct"":true,""expectedType"":""boolean""}}",1,1,true,[],7390,1647,553,71,2774,7,2,0,false,false,false,true,7481,65,not assessed by answer parser,true,true
q2-direct-r1,q2,direct,1,complete,true,true,1,1,1,1,"{""owners"":{""present"":true,""typed"":true,""correct"":true,""expectedType"":""object""}}",1,1,true,[],13179,2749,210,22,3492,23,1,0,false,false,false,true,4359,130,not assessed by answer parser,true,true
q2-direct-r2,q2,direct,2,complete,true,true,1,1,1,1,"{""owners"":{""present"":true,""typed"":true,""correct"":true,""expectedType"":""object""}}",1,1,true,[],13179,2749,210,22,3492,23,1,0,false,false,false,true,4834,130,not assessed by answer parser,true,true
q2-gateway-r1,q2,gateway,1,complete,true,true,1,1,1,1,"{""owners"":{""present"":true,""typed"":true,""correct"":true,""expectedType"":""object""}}",1,1,true,[],7390,1647,258,63,2482,7,2,0,false,false,false,true,7583,130,not assessed by answer parser,true,true
q2-gateway-r2,q2,gateway,2,complete,true,true,1,1,1,1,"{""owners"":{""present"":true,""typed"":true,""correct"":true,""expectedType"":""object""}}",1,1,true,[],7390,1647,374,59,2594,7,2,0,false,false,false,true,7492,130,not assessed by answer parser,true,true
q3-direct-r1,q3,direct,1,complete,true,true,2,2,2,2,"{""ownerTeam"":{""present"":true,""typed"":true,""correct"":true,""expectedType"":""nullable-string""},""known"":{""present"":true,""typed"":true,""correct"":true,""expectedType"":""boolean""}}",1,1,true,[],13179,2749,125,17,3390,23,1,0,false,false,false,false,7648,70,not assessed by answer parser,true,true
q3-direct-r2,q3,direct,2,complete,true,true,2,2,2,2,"{""ownerTeam"":{""present"":true,""typed"":true,""correct"":true,""expectedType"":""nullable-string""},""known"":{""present"":true,""typed"":true,""correct"":true,""expectedType"":""boolean""}}",1,1,true,[],13179,2749,125,17,3390,23,1,0,false,false,false,false,4212,70,not assessed by answer parser,true,true
q3-gateway-r1,q3,gateway,1,complete,true,true,2,2,2,2,"{""ownerTeam"":{""present"":true,""typed"":true,""correct"":true,""expectedType"":""nullable-string""},""known"":{""present"":true,""typed"":true,""correct"":true,""expectedType"":""boolean""}}",1,1,true,[],7390,1647,50,27,2226,7,1,0,false,false,false,false,5108,70,not assessed by answer parser,true,true
q3-gateway-r2,q3,gateway,2,complete,true,true,2,2,2,2,"{""ownerTeam"":{""present"":true,""typed"":true,""correct"":true,""expectedType"":""nullable-string""},""known"":{""present"":true,""typed"":true,""correct"":true,""expectedType"":""boolean""}}",1,1,true,[],7390,1647,50,16,2215,7,1,0,false,false,false,false,9046,70,not assessed by answer parser,true,true
q4-direct-r1,q4,direct,1,complete,true,true,2,2,2,2,"{""count"":{""present"":true,""typed"":true,""correct"":true,""expectedType"":""number""},""ids"":{""present"":true,""typed"":true,""correct"":true,""expectedType"":""array""}}",1,1,true,[],13179,2749,484,35,3770,23,1,0,false,false,false,false,7716,73,not assessed by answer parser,true,true
q4-direct-r2,q4,direct,2,complete,true,true,2,2,2,2,"{""count"":{""present"":true,""typed"":true,""correct"":true,""expectedType"":""number""},""ids"":{""present"":true,""typed"":true,""correct"":true,""expectedType"":""array""}}",1,1,true,[],13179,2749,484,35,3770,23,1,0,false,false,false,false,4445,73,not assessed by answer parser,true,true
q4-gateway-r1,q4,gateway,1,complete,true,true,2,2,2,2,"{""count"":{""present"":true,""typed"":true,""correct"":true,""expectedType"":""number""},""ids"":{""present"":true,""typed"":true,""correct"":true,""expectedType"":""array""}}",1,1,true,[],7390,1647,138,35,2325,7,1,0,false,false,false,false,8925,73,not assessed by answer parser,true,true
q4-gateway-r2,q4,gateway,2,complete,true,true,2,2,2,2,"{""count"":{""present"":true,""typed"":true,""correct"":true,""expectedType"":""number""},""ids"":{""present"":true,""typed"":true,""correct"":true,""expectedType"":""array""}}",1,1,true,[],7390,1647,138,46,2336,7,1,0,false,false,false,false,4956,73,not assessed by answer parser,true,true
q5-direct-r1,q5,direct,1,complete,true,true,3,3,3,3,"{""actions"":{""present"":true,""typed"":true,""correct"":true,""expectedType"":""array""},""rollbackTrigger"":{""present"":true,""typed"":true,""correct"":true,""expectedType"":""string""},""evidenceSource"":{""present"":true,""typed"":true,""correct"":true,""expectedType"":""string""}}",1,1,true,[],13179,2749,544,205,4033,23,6,0,false,false,false,false,15698,244,not assessed by answer parser,true,true
q5-direct-r2,q5,direct,2,complete,true,true,3,3,3,3,"{""actions"":{""present"":true,""typed"":true,""correct"":true,""expectedType"":""array""},""rollbackTrigger"":{""present"":true,""typed"":true,""correct"":true,""expectedType"":""string""},""evidenceSource"":{""present"":true,""typed"":true,""correct"":true,""expectedType"":""string""}}",1,1,true,[],13179,2749,1184,206,4674,23,6,0,false,false,false,false,15390,244,not assessed by answer parser,true,true
q5-gateway-r1,q5,gateway,1,complete,true,true,3,3,3,3,"{""actions"":{""present"":true,""typed"":true,""correct"":true,""expectedType"":""array""},""rollbackTrigger"":{""present"":true,""typed"":true,""correct"":true,""expectedType"":""string""},""evidenceSource"":{""present"":true,""typed"":true,""correct"":true,""expectedType"":""string""}}",1,1,true,[],7390,1647,276,210,2671,7,6,0,false,false,false,false,31365,244,not assessed by answer parser,true,true
q5-gateway-r2,q5,gateway,2,complete,true,true,3,3,3,3,"{""actions"":{""present"":true,""typed"":true,""correct"":true,""expectedType"":""array""},""rollbackTrigger"":{""present"":true,""typed"":true,""correct"":true,""expectedType"":""string""},""evidenceSource"":{""present"":true,""typed"":true,""correct"":true,""expectedType"":""string""}}",1,1,true,[],7390,1647,256,208,2649,7,6,0,false,false,false,false,17502,244,not assessed by answer parser,true,true
q6-direct-r1,q6,direct,1,complete,false,false,3,3,2,3,"{""revision"":{""present"":true,""typed"":true,""correct"":true,""expectedType"":""number""},""threshold"":{""present"":true,""typed"":true,""correct"":true,""expectedType"":""number""},""evidenceSource"":{""present"":true,""typed"":true,""correct"":false,""expectedType"":""string""}}",1,1,true,[],13179,2749,304,85,3661,23,1,0,false,false,false,false,4962,153,not assessed by answer parser,true,true
q6-direct-r2,q6,direct,2,complete,false,false,3,3,2,3,"{""revision"":{""present"":true,""typed"":true,""correct"":true,""expectedType"":""number""},""threshold"":{""present"":true,""typed"":true,""correct"":true,""expectedType"":""number""},""evidenceSource"":{""present"":true,""typed"":true,""correct"":false,""expectedType"":""string""}}",1,1,true,[],13179,2749,304,85,3669,23,1,0,false,false,false,false,9517,203,not assessed by answer parser,true,true
q6-gateway-r1,q6,gateway,1,complete,false,false,3,3,2,3,"{""revision"":{""present"":true,""typed"":true,""correct"":true,""expectedType"":""number""},""threshold"":{""present"":true,""typed"":true,""correct"":true,""expectedType"":""number""},""evidenceSource"":{""present"":true,""typed"":true,""correct"":false,""expectedType"":""string""}}",1,1,true,[],7390,1647,128,31,2346,7,1,0,false,false,false,false,4602,212,not assessed by answer parser,true,true
q6-gateway-r2,q6,gateway,2,complete,false,false,3,3,2,3,"{""revision"":{""present"":true,""typed"":true,""correct"":true,""expectedType"":""number""},""threshold"":{""present"":true,""typed"":true,""correct"":true,""expectedType"":""number""},""evidenceSource"":{""present"":true,""typed"":true,""correct"":false,""expectedType"":""string""}}",1,1,true,[],7390,1647,128,31,2354,7,1,0,false,false,false,false,5098,257,not assessed by answer parser,true,true
q7-direct-r1,q7,direct,1,complete,true,true,2,2,2,2,"{""owner"":{""present"":true,""typed"":true,""correct"":true,""expectedType"":""string""},""region"":{""present"":true,""typed"":true,""correct"":true,""expectedType"":""string""}}",1,1,true,[],13179,2749,762,70,4076,23,2,0,false,false,false,false,7272,85,not assessed by answer parser,true,true
q7-direct-r2,q7,direct,2,complete,true,true,2,2,2,2,"{""owner"":{""present"":true,""typed"":true,""correct"":true,""expectedType"":""string""},""region"":{""present"":true,""typed"":true,""correct"":true,""expectedType"":""string""}}",1,1,true,[],13179,2749,884,65,4193,23,2,0,false,false,false,false,6287,85,not assessed by answer parser,true,true
q7-gateway-r1,q7,gateway,1,complete,true,true,2,2,2,2,"{""owner"":{""present"":true,""typed"":true,""correct"":true,""expectedType"":""string""},""region"":{""present"":true,""typed"":true,""correct"":true,""expectedType"":""string""}}",1,1,true,[],7390,1647,101,65,2311,7,2,0,false,false,false,false,13030,85,not assessed by answer parser,true,true
q7-gateway-r2,q7,gateway,2,complete,true,true,2,2,2,2,"{""owner"":{""present"":true,""typed"":true,""correct"":true,""expectedType"":""string""},""region"":{""present"":true,""typed"":true,""correct"":true,""expectedType"":""string""}}",1,1,true,[],7390,1647,101,65,2311,7,2,0,false,false,false,false,7265,85,not assessed by answer parser,true,true
q8-direct-r1,q8,direct,1,complete,true,false,2,2,2,2,"{""value"":{""present"":true,""typed"":true,""correct"":true,""expectedType"":""string""},""usedFallback"":{""present"":true,""typed"":true,""correct"":true,""expectedType"":""boolean""}}",1,0.5,false,[],13179,2749,83,34,3359,23,2,1,true,true,true,false,10789,72,not assessed by answer parser,true,true
q8-direct-r2,q8,direct,2,complete,true,false,2,2,2,2,"{""value"":{""present"":true,""typed"":true,""correct"":true,""expectedType"":""string""},""usedFallback"":{""present"":true,""typed"":true,""correct"":true,""expectedType"":""boolean""}}",1,0.5,false,[],13179,2749,83,72,3397,23,2,1,true,true,true,false,5684,72,not assessed by answer parser,true,true
q8-gateway-r1,q8,gateway,1,complete,false,false,2,2,1,2,"{""value"":{""present"":true,""typed"":true,""correct"":false,""expectedType"":""string""},""usedFallback"":{""present"":true,""typed"":true,""correct"":true,""expectedType"":""boolean""}}",1,0.5,false,[],7390,1647,86,72,2304,7,2,1,true,true,true,false,6416,88,not assessed by answer parser,true,true
q8-gateway-r2,q8,gateway,2,complete,true,false,2,2,2,2,"{""value"":{""present"":true,""typed"":true,""correct"":true,""expectedType"":""string""},""usedFallback"":{""present"":true,""typed"":true,""correct"":true,""expectedType"":""boolean""}}",1,0.5,false,[],7390,1647,86,34,2263,7,2,1,true,true,true,false,6589,72,not assessed by answer parser,true,true
